{"cameraMode":{"drawMode":0,"name":"Shaded","section":"Shading Mode"},"sceneLighting":true,"audioPlay":false,"sceneViewState":{"m_AlwaysRefresh":false,"showFog":true,"showSkybox":true,"showFlares":true,"showImageEffects":true,"showParticleSystems":true,"showVisualEffectGraphs":true,"m_FxEnabled":true},"in2DMode":false,"pivot":{"x":3.4436697959899904,"y":7.574568748474121,"z":-19.821887969970704},"rotation":{"x":-0.005143797490745783,"y":-0.985478401184082,"z":0.1671362817287445,"w":-0.03047284483909607},"size":1.6404634714126588,"orthographic":false}